INSERT INTO users (id, name, phone_number, image)
VALUES
    (1, 'John Smith', '+72345678901', 'image'),
    (2, 'Alice Johnson', '+79876543210', 'image'),
    (3, 'Michael Brown', '+71223344556', 'image'),
    (4, 'Emma Wilson', '+71234567890', 'image'),
    (5, 'David Thompson', '+71234567891', 'image'),
    (6, 'Olivia Davis', '+71234567892', 'image'),
    (7, 'James Anderson', '+71234567893', 'image'),
    (8, 'Sophia Martinez', '+71234567894', 'image'),
    (9, 'Daniel Taylor', '+71234567895', 'image'),
    (10, 'Isabella Moore', '+71234567896', 'image');

INSERT INTO user_info (id, email, password, role, user_id)
VALUES
    (1, 'admin@gmail.com', '$2a$04$q/5hoHH1.96f6IUIF4oEIO4EAjuLOPvJSa/hPCo5XEERI3cC2pm4K', 'ADMIN', 1),
    (2, 'alice@example.com', '$2a$04$q/5hoHH1.96f6IUIF4oEIO4EAjuLOPvJSa/hPCo5XEERI3cC2pm4K', 'USER', 2),
    (3, 'michael@example.com', '$2a$04$q/5hoHH1.96f6IUIF4oEIO4EAjuLOPvJSa/hPCo5XEERI3cC2pm4K', 'USER', 3),
    (4, 'emma@example.com', '$2a$04$q/5hoHH1.96f6IUIF4oEIO4EAjuLOPvJSa/hPCo5XEERI3cC2pm4K', 'USER', 4),
    (5, 'david@example.com', '$2a$04$q/5hoHH1.96f6IUIF4oEIO4EAjuLOPvJSa/hPCo5XEERI3cC2pm4K', 'USER', 5),
    (6, 'olivia@example.com', '$2a$04$q/5hoHH1.96f6IUIF4oEIO4EAjuLOPvJSa/hPCo5XEERI3cC2pm4K', 'USER', 6),
    (7, 'james@example.com', '$2a$04$q/5hoHH1.96f6IUIF4oEIO4EAjuLOPvJSa/hPCo5XEERI3cC2pm4K', 'USER', 7),
    (8, 'sophia@example.com', '$2a$04$q/5hoHH1.96f6IUIF4oEIO4EAjuLOPvJSa/hPCo5XEERI3cC2pm4K', 'USER', 8),
    (9, 'daniel@example.com', '$2a$04$q/5hoHH1.96f6IUIF4oEIO4EAjuLOPvJSa/hPCo5XEERI3cC2pm4K', 'USER', 9),
    (10, 'isabella@example.com', '$2a$04$q/5hoHH1.96f6IUIF4oEIO4EAjuLOPvJSa/hPCo5XEERI3cC2pm4K', 'USER', 10);
-- Insert announcements
INSERT INTO announcement (id, title, category, sub_category, city, address, description, price, user_name, phone_number, user_id)
VALUES
    (1, 'Магазин электроники', 'store', 'Магазины', 'Москва', 'ул. Пушкина, д. 1', 'Продажа электроники', 12000000, 'John Smith', '+9962345678901', 1),
    (2, 'Стоматологическая клиника', 'medicine', 'Стоматологи', 'Москва', 'ул. Ленина, д. 2', 'Клиника стоматологии', 80000, 'Alice Johnson', '+9969876543210', 2),
    (3, 'Автосервис', 'car_service', 'Мастерские', 'Санкт-Петербург', 'ул. Садовая, д. 3', 'Ремонт автомобилей', 15000000, 'Michael Brown', '+9961223344556', 3),
    (4, 'Риэлторские услуги', 'realtors', 'Риэлторы', 'Москва', 'ул. Тверская, д. 4', 'Помощь в покупке недвижимости', 60000, 'Emma Wilson', '+9961234567890', 4),
    (5, 'Салон красоты', 'beauty_and_health', 'Салоны красоты | СПА', 'Москва', 'ул. Победы, д. 5', 'Услуги красоты', 500000, 'David Thompson', '+9961234567891', 5),
    (6, 'Клининг', 'cleaning_service', 'Клининговые услуги', 'Москва', 'ул. Ломоносова, д. 6', 'Уборка помещений', 100000, 'Olivia Davis', '+9961234567892', 6),
    (7, 'Страхование авто', 'insurance', 'Страхование', 'Москва', 'ул. Новая, д. 7', 'Автострахование', 10000000, 'James Anderson', '+9961234567893', 7),
    (8, 'Языковые курсы', 'education_and_courses', 'Языковые курсы', 'Санкт-Петербург', 'ул. Кирова, д. 8', 'Изучение иностранных языков', 70000, 'Sophia Martinez', '+9961234567894', 8),
    (9, 'Бар', 'recreation_and_leisure', 'Бары', 'Москва', 'ул. Советская, д. 9', 'Бар и развлечения', 20000000, 'Daniel Taylor', '+9961234567895', 9),
    (10, 'Прокат автомобилей', 'car_service', 'Прокат автомобилей', 'Москва', 'ул. Зелёная, д. 10', 'Аренда авто', 40000, 'Isabella Moore', '+9961234567896', 10),
    (11, 'Магазин одежды', 'store', 'Магазины одежды', 'Москва', 'ул. Пушкина, д. 11', 'Продажа одежды', 13000000, 'John Smith', '+9962345678901', 1),
    (12, 'Аптека', 'medicine', 'Аптеки', 'Москва', 'ул. Ленина, д. 12', 'Аптечные товары', 90000, 'Alice Johnson', '+9969876543210', 2),
    (13, 'Автошкола', 'car_service', 'Автошколы', 'Санкт-Петербург', 'ул. Садовая, д. 13', 'Обучение вождению', 16000000, 'Michael Brown', '+9961223344556', 3),
    (14, 'Фитнес-клуб', 'beauty_and_health', 'Фитнес-тренера', 'Москва', 'ул. Тверская, д. 14', 'Услуги фитнес-тренера', 70000, 'Emma Wilson', '+9961234567890', 4),
    (15, 'Вывоз мусора', 'home_and_repair', 'Вывоз мусора', 'Москва', 'ул. Победы, д. 15', 'Услуги по вывозу мусора', 600000, 'David Thompson', '+9961234567891', 5),
    (16, 'Няня', 'for_children', 'Няни', 'Москва', 'ул. Ломоносова, д. 16', 'Услуги няни', 110000, 'Olivia Davis', '+9961234567892', 6),
    (17, 'Юридические консультации', 'legal_service', 'Юридичиеские услуги', 'Москва', 'ул. Новая, д. 17', 'Юридическая помощь', 11000000, 'James Anderson', '+9961234567893', 7),
    (18, 'Сауна', 'recreation_and_leisure', 'Сауны | Бани', 'Санкт-Петербург', 'ул. Кирова, д. 18', 'Услуги сауны', 80000, 'Sophia Martinez', '+9961234567894', 8),
    (19, 'Ремонт квартир', 'home_and_repair', 'Внутренние работы', 'Москва', 'ул. Советская, д. 19', 'Ремонт и отделка', 21000000, 'Daniel Taylor', '+9961234567895', 9),
    (20, 'Автомойка', 'car_service', 'Детейлинг | Автомойка', 'Москва', 'ул. Зелёная, д. 20', 'Мойка автомобилей', 50000, 'Isabella Moore', '+9961234567896', 10),
    (21, 'Магазин цветов', 'store', 'Цветочные магазины', 'Москва', 'ул. Пушкина, д. 21', 'Продажа цветов', 14000000, 'John Smith', '+9962345678901', 1),
    (22, 'Психотерапевт', 'medicine', 'Психотерапевты', 'Москва', 'ул. Ленина, д. 22', 'Услуги психотерапевта', 100000, 'Alice Johnson', '+9969876543210', 2),
    (23, 'Кузовной ремонт', 'car_service', 'Кузовные мастерские', 'Санкт-Петербург', 'ул. Садовая, д. 23', 'Ремонт кузова авто', 17000000, 'Michael Brown', '+9961223344556', 3),
    (24, 'Массаж', 'beauty_and_health', 'Массажисты', 'Москва', 'ул. Тверская, д. 24', 'Массажные услуги', 80000, 'Emma Wilson', '+9961234567890', 4),
    (25, 'Товинг', 'car_service', 'Товинг | Эвакуаторы', 'Москва', 'ул. Победы, д. 25', 'Услуги эвакуатора', 700000, 'David Thompson', '+9961234567891', 5),
    (26, 'Ремонт техники', 'home_and_repair', 'Ремонт и обслуживание техники', 'Москва', 'ул. Ломоносова, д. 26', 'Ремонт бытовой техники', 120000, 'Olivia Davis', '+9961234567892', 6),
    (27, 'Репетитор по математике', 'education_and_courses', 'Репетиторские услуги', 'Москва', 'ул. Новая, д. 27', 'Услуги репетитора', 12000000, 'James Anderson', '+9961234567893', 7),
    (28, 'Караоке-клуб', 'recreation_and_leisure', 'Караоке', 'Санкт-Петербург', 'ул. Кирова, д. 28', 'Клуб караоке', 90000, 'Sophia Martinez', '+9961234567894', 8),
    (29, 'Автострахование', 'insurance', 'Автострахование', 'Москва', 'ул. Советская, д. 29', 'Страховые услуги для авто', 22000000, 'Daniel Taylor', '+9961234567895', 9),
    (30, 'Автоэлектрик', 'car_service', 'Автоэлектрики', 'Москва', 'ул. Зелёная, д. 30', 'Услуги автоэлектрика', 60000, 'Isabella Moore', '+9961234567896', 10);
